片名,其他片名,上映年份,国家/地区,分类,标签,观看平台,我的评分,海报,豆瓣,归档日期,备注,归档年份
沙丘,Dune,2021,美国,电影,科幻,BiliBili,8.0,,https://movie.douban.com/subject/3001114/,2022/01/13 14:21,,2022
x特遣队:全员集结,The Suicide Squad,2021,美国,电影,"DC,Super Hero",资源,8.0,,https://movie.douban.com/subject/26741632/,2022/01/17 23:29,,2022
和平使者,Peacemaker,2022,美国,剧集,"DC,Super Hero",资源,8.0,,https://movie.douban.com/subject/35209701/,2022/01/20 19:28,,2022
绿色星球,The Green Planet,2022,美国,纪录片,植物,BiliBili,10,,https://movie.douban.com/subject/33387356/,2022/01/20 19:29,,2022
风味人间 第三季,Once Upon a Bite,2022,中国,纪录片,美食,腾讯视频,8.0,,https://movie.douban.com/subject/30156039/,2022/01/25 09:05,,2022
奇迹•笨小孩,Nice View,2022,中国,电影,剧情,院线,8.0,,https://movie.douban.com/subject/35312437/,2022/02/06 08:02,,2022
长津湖之水门桥,The Battle At Lake Changjin II,2022,中国,电影,战争,院线,7.0,,https://movie.douban.com/subject/35613853/,2022/02/06 08:02,,2022
僵尸校园,All of Us Are Dead,2022,韩国,剧集,惊悚,Netflix,7.0,,https://movie.douban.com/subject/35030325/,2022/02/06 08:03,,2022
侠探杰克,Jack Reacher,2022,美国,剧集,"犯罪,悬疑",资源,8.0,,https://movie.douban.com/subject/30378897/,2022/02/06 15:58,,2022
猎魔人 第一季,The Witcher Season 1,2019,美国,剧集,"魔幻,剧情",Netflix,8.0,,https://movie.douban.com/subject/26637615/,2022/02/10 07:43,,2022
猎魔人 第二季,The Witcher Season 2,2021,美国,剧集,"魔幻,剧情",Netflix,9.0,,https://movie.douban.com/subject/34888567/,2022/02/12 23:34,,2022
王牌特工:源起,The King's Man,2022,美国,电影,"剧情,动作,战争",资源,6.0,,https://movie.douban.com/subject/27038228/,2022/02/12 23:34,,2022
Tinder 诈骗王,The Tinder Swindler,2022,英国,纪录片,"犯罪,剧情",Netflix,8.0,,https://movie.douban.com/subject/35732660/,2022/02/15 19:31,,2022
尚气与十环传奇,Shang-Chi and the Legend of the Ten Rings,2021,美国,电影,"Super Hero,漫威",Disney+,7.0,,https://movie.douban.com/subject/30394797/,2022/02/16 22:30,,2022
青年维兰德 第二季,Young Wallander Season 2,2022,英国,剧集,"悬疑,犯罪,警匪",Netflix,7.0,,https://movie.douban.com/subject/35242155/,2022/02/19 07:50,,2022
鹰眼,Hawkeye,2021,美国,剧集,"Super Hero,漫威",Disney+,8.0,,https://movie.douban.com/subject/33406089/,2022/02/19 22:08,,2022
花束般的恋爱,花束みたいな恋をした,2022,日本,电影,"日本,爱情",院线,9.0,,https://movie.douban.com/subject/34874432/,2022/02/26 20:00,,2022
摩登情爱 第一季,Modern Love Season 1,2019,美国,剧集,"爱情,剧情",资源,9.0,,https://movie.douban.com/subject/30385409/,2022/02/27 20:33,,2022
少年法庭,소년 심판,2022,韩国,剧集,"犯罪,剧情",Netflix,9.0,,https://movie.douban.com/subject/35248792/,2022/03/08 21:00,,2022
绿皮书,Green Book,2018,美国,电影,剧情,BiliBili,9.0,,https://movie.douban.com/subject/27060077/,2022/03/08 23:36,,2022
亚当计划,The Adam Project,2022,美国,电影,科幻,Netflix,7.0,,https://movie.douban.com/subject/34970181/,2022/03/12 09:33,,2022
蜘蛛侠：英雄无归,Spider-Man: No Way Home,2021,美国,电影,"漫威,Super Hero",资源,7.0,,https://movie.douban.com/subject/26933210/,2022/03/13 17:46,,2022
阿甘正传,Forrest Gump,1994,美国,电影,剧情,BiliBili,10,,https://movie.douban.com/subject/1292720/,2022/03/18 23:53,,2022
神秘海域,Uncharted,2022,美国,电影,冒险,院线,7.0,,https://movie.douban.com/subject/3822687/,2022/03/19 23:10,,2022
新蝙蝠侠,The Batman,2022,美国,电影,"DC,Super Hero",院线,8.0,,https://movie.douban.com/subject/6424756/,2022/03/20 20:16,,2022
黑蟹行动,Black Crab,2022,瑞典,电影,战争,Netflix,6.0,,https://movie.douban.com/subject/35243106/,2022/03/21 08:37,,2022
寒栗,Kastanjemanden,2021,丹麦,剧集,"犯罪,悬疑",Netflix,8.0,,https://movie.douban.com/subject/34800967/,2022/03/22 21:23,,2022
月球陨落,Moonfall,2022,美国,电影,"科幻,灾难",院线,7.0,,https://movie.douban.com/subject/26825482/,2022/08/18 10:44,,2022
狙击手,Snipers,2022,中国,电影,战争,BiliBili,7.0,,https://movie.douban.com/subject/35215390/,2022/08/18 10:44,,2022
毒枭：墨西哥 第一季,Narcos: Mexico Season 1,2018,"墨西哥,美国",剧集,犯罪,Netflix,9.0,,https://movie.douban.com/subject/26869686/,2022/08/18 10:44,,2022
神奇动物：邓布利多之谜,Fantastic Beasts: The Secrets of Dumbledore,2022,美国,电影,魔幻,院线,7.0,,https://movie.douban.com/subject/26147418/,2022/08/18 10:44,,2022
喜鹊谋杀案,Magpie Murders,2022,英国,剧集,"悬疑,犯罪",资源,8.0,,https://movie.douban.com/subject/35154761/,2022/08/18 10:44,,2022
流人 第一季,Slow Horses Season 1,2022,美国,剧集,犯罪,资源,8.0,,https://movie.douban.com/subject/34890017/?dt_dapp=1,2022/08/18 10:44,,2022
猪猡之王,돼지의 왕,2022,韩国,剧集,犯罪,资源,9.0,,https://movie.douban.com/subject/35480594/,2022/08/18 10:44,,2022
月光骑士,Moon Knight,2022,美国,剧集,"Super Hero,漫威",资源,8.0,,https://movie.douban.com/subject/26358318/,2022/08/18 10:44,,2022
"奇异博士2
：疯狂多元宇宙",Doctor Strange in the Multiverse of Madness,2022,美国,电影,"Super Hero,漫威",资源,7.0,,https://movie.douban.com/subject/30304994/,2022/08/18 10:44,,2022
怪奇物语 第四季,Stranger Things Season 4,2022,美国,剧集,"魔幻,惊悚",Netflix,9.0,,https://movie.douban.com/subject/27194292/,2022/08/18 10:44,,2022
黑袍纠察队 第三季,The Boys Season 3,2022,美国,剧集,"Super Hero,DC",资源,9.0,,https://movie.douban.com/subject/35154050/,2022/08/18 10:44,,2022
铁血战士：猎物,Prey,2022,美国,电影,惊悚,资源,7.0,,https://movie.douban.com/subject/35262994/,2022/08/18 10:57,,2022
睡魔,The Sandman,2022,美国,剧集,魔幻,Netflix,8.0,,https://movie.douban.com/subject/25793471/,2022/08/15 09:18,,2022
日班猎人,Day Shift,2022,美国,电影,惊悚,Netflix,8.0,,https://movie.douban.com/subject/35229644/,2022/08/15 09:18,,2022
雪国列车 第一季,Snowpiercer Season 1,2020,美国,剧集,"灾难,剧情",Netflix,8.0,,https://movie.douban.com/subject/26919579/,2022/08/18 08:46,,2022
灰影人,The Gray Man,2022,美国,电影,"犯罪,剧情",Netflix,6.0,,https://movie.douban.com/subject/7051806/,2022/08/23 07:49,,2022
侏罗纪世界3,Jurassic World: Dominion,2022,美国,电影,剧情,BiliBili,6.0,,https://movie.douban.com/subject/26873582/,2022/08/23 07:49,,2022
龙之家族 第一季,,,,,,,,,,2022/09/05 16:42,,2022
壮志凌云：独行侠,Top Gun: Maverick,2022,美国,电影,"战争,剧情",资源,8.0,,https://movie.douban.com/subject/6893932/,2022/09/14 21:40,,2022
雷神4：爱与雷霆,Thor: Love and Thunder,2022,美国,电影,"Super Hero,漫威",资源,6.0,,https://movie.douban.com/subject/34477861/?tag=%E7%83%AD%E9%97%A8&from=gaia,2022/09/14 21:41,,2022
泰国洞穴救援事件簿,ถ้ำหลวง: ภารกิจแห่งความหวัง,2022,"泰国,美国",剧集,"剧情,灾难",Netflix,8.0,,https://movie.douban.com/subject/34909185/,2022/09/27 14:51,,2022
第一餐,,2022,中国,纪录片,美食,BiliBili,7.0,,https://movie.douban.com/subject/35290715/,2022/09/27 14:52,,2022
只身在荒岛60天,Naked and Marooned with Ed Stafford,2013,"美国,英国",纪录片,生存,BiliBili,8.0,,https://movie.douban.com/subject/28449854/,2022/10/16 11:39,,2022
单挑荒野 第一季,Marooned with Ed Stafford Season 1,2013,"美国,英国",纪录片,生存,BiliBili,9.0,,https://movie.douban.com/subject/26331092/,2022/10/16 11:41,,2022
绝命毒师 第一季,Breaking Bad Season 1,2008,美国,剧集,"犯罪,剧情",Netflix,9.0,,https://movie.douban.com/subject/2373195/,2022/10/16 11:42,,2022
最后的生还者1-老戴解说,The Last Of Us,2022,,,,BiliBili,9.0,,,2022/10/16 11:43,,2022
西线无战事,Im Westen nichts Neues,2022,"美国,英国,德国",电影,"战争,剧情",Netflix,8.0,,https://movie.douban.com/subject/3042261/,2022/11/06 20:09,,2022
福尔摩斯小姐：失踪的侯爵,Enola Holmes,2020,"美国,英国",电影,"悬疑,剧情",Netflix,6.0,,https://movie.douban.com/subject/27662541/,2022/11/06 20:09,,2022
福尔摩斯小姐：伦敦厄运,Enola Holmes 2,2022,"美国,英国",电影,"悬疑,剧情",Netflix,6.0,,https://movie.douban.com/subject/35461749/,2022/11/07 19:33,,2022
以复仇为名,Il mio nome è vendetta,2022,意大利,电影,"犯罪,剧情",Netflix,6.0,,https://movie.douban.com/subject/35594766/,2022/12/16 16:49,,2022
大侦探福尔摩斯,Sherlock Holmes,2009,"美国,德国",电影,"悬疑,剧情",Netflix,8.0,,https://movie.douban.com/subject/2998270/,2022/12/16 16:49,,2022
大侦探福尔摩斯2,Sherlock Holmes: A Game of Shadows,2011,美国,电影,"悬疑,剧情",Netflix,8.0,,https://movie.douban.com/subject/4051753/,2022/12/16 16:49,,2022
小黄人大眼萌：神偷奶爸前传,Minions: The Rise of Gru,2022,美国,电影,剧情,BiliBili,7.0,,https://movie.douban.com/subject/26642033/,2022/12/16 16:50,,2022
利刃出鞘,Knives Out,2019,美国,电影,"悬疑,剧情,犯罪",Netflix,8.0,,https://movie.douban.com/subject/30318116/,2022/12/16 16:51,,2022
流人 第二季,Slow Horses Season 2,2022,英国,剧集,"悬疑,犯罪",资源,9.0,,https://movie.douban.com/subject/35356697/,2022/12/16 16:59,,2022
解放黑奴,Emancipation,2022,美国,电影,"剧情,历史",资源,7.0,,https://movie.douban.com/subject/35099708/,2022/12/16 17:01,,2022
黑亚当,Black Adam,2022,美国,电影,"DC,Super Hero",资源,6.0,,https://movie.douban.com/subject/26959697/,2022/12/16 20:29,,2022
万里归途,,2022,中国,电影,战争,腾讯视频,7.0,,https://movie.douban.com/subject/26654184/,2022/12/17 11:00,,2022
暗夜博士：莫比亚斯,Morbius,2022,美国,电影,"漫威,Super Hero",资源,6.0,,https://movie.douban.com/subject/27199850/,2022/12/17 11:00,,2022
华尔街之狼,The Wolf of Wall Street,2013,美国,电影,"传记,剧情",资源,8.0,,https://movie.douban.com/subject/2997076/,2022/12/18 12:22,,2022
风味人间 第四季,,2022,中国,纪录片,美食,腾讯视频,9.0,,https://movie.douban.com/subject/35686327/,2023/01/06 16:25,,2023
利刃出鞘2,Glass Onion: A Knives Out Mystery,2022,美国,电影,"悬疑,剧情,犯罪",Netflix,7.0,,https://movie.douban.com/subject/34939037/,2023/01/06 16:25,,2023
海蒂和爷爷,Heidi,2015,"德国,瑞士",电影,剧情,BiliBili,8.0,,https://movie.douban.com/subject/25958717/,2023/01/08 20:50,,2023
子弹列车,Bullet Train,2022,美国,电影,"剧情,犯罪",Netflix,7.0,,https://movie.douban.com/subject/35118954/,2023/01/08 21:10,,2023
守望者,Watchmen,2009,美国,电影,"DC,Super Hero",BiliBili,9.0,,https://movie.douban.com/subject/1972698/,2023/01/09 19:35,,2023
黑豹2,Black Panther: Wakanda Forever,2022,美国,电影,"漫威,Super Hero",资源,6.0,,https://movie.douban.com/subject/30167997/,2023/01/10 22:38,,2023
我是谁：没有绝对安全的系统,Who Am I - Kein System ist sicher,2014,德国,电影,犯罪,BiliBili,8.0,,https://movie.douban.com/subject/25932086/,2023/01/13 22:37,,2023
阿凡达：水之道,Avatar: The Way of Water,2022,美国,电影,"剧情,科幻",院线,8.0,,https://movie.douban.com/subject/4811774/,2023/01/15 16:53,,2023
狂飙,,2023,中国,剧集,犯罪,爱奇艺,8.0,,https://movie.douban.com/subject/35465232/,2023/01/28 13:58,,2023
爱乐之城,La La Land,2016,美国,电影,"爱情,歌舞",BiliBili,9.0,,https://movie.douban.com/subject/25934014/,2023/02/05 21:25,在脑海中已经和你过完了一生,2023
地球脉动 第二季,Planet Earth Season 2,2016,英国,纪录片,自然,BiliBili,9.0,,https://movie.douban.com/subject/26733371/,2023/02/05 21:27,,2023
危城谜案,Infiesto,2023,西班牙,电影,犯罪,Netflix,6.0,,https://movie.douban.com/subject/35642186/,2023/02/15 22:04,,2023
扑克脸,Poker Face,2023,美国,剧集,"悬疑,犯罪",资源,8.0,,https://movie.douban.com/subject/35402785/,2023/02/15 22:05,,2023
海边的曼彻斯特,Manchester by the Sea,2016,美国,电影,剧情,资源,7.0,,https://movie.douban.com/subject/25980443/,2023/02/22 22:20,发生了很多难过的事，但是只有一个可怜的人,2023
弥留之国的爱丽丝 第二季,今際の国のアリス シーズン2,2022,日本,剧集,生存,Netflix,7.0,,https://movie.douban.com/subject/35300122/,2023/03/10 19:50,,2023
扑克脸 第一季,Poker Face Season 1,2023,美国,剧集,"悬疑,犯罪",资源,8.0,,https://movie.douban.com/subject/35402785/,2023/03/13 20:44,,2023
最后生还者 第一季,The Last of Us Season 1,2023,美国,剧集,惊悚,资源,9.0,,https://movie.douban.com/subject/25848328/,2023/03/13 21:30,,2023
黑暗荣耀 第一季,더 글로리,2022,韩国,剧集,犯罪,Netflix,9.0,,https://movie.douban.com/subject/35314632/,2023/03/16 23:24,,2023
黑暗荣耀 第二季,더 글로리2,2023,韩国,剧集,犯罪,Netflix,9.0,,https://movie.douban.com/subject/36193784/,2023/03/16 23:24,,2023
坠落,Fall,2022,美国,电影,惊悚,BiliBili,7.0,,https://movie.douban.com/subject/35700395/,2023/03/25 12:35,,2023
白夜行,,2011,日本,电影,"悬疑,犯罪",BiliBili,7.0,,https://movie.douban.com/subject/4822829/,2023/03/30 22:19,,2023
铃芽之旅,すずめの戸締まり,2022,日本,电影,灾难,院线,7.0,,https://movie.douban.com/subject/35371261/,2023/03/30 22:19,,2023
暗夜情报局,The Night Agent Season 1,2023,美国,剧集,"动作,犯罪",Netflix,8.0,,https://movie.douban.com/subject/35558659/,2023/04/06 11:54,,2023
模仿犯,,2023,中国,剧集,犯罪,Netflix,7.0,,https://movie.douban.com/subject/35651927/,2023/04/08 15:42,,2023
黄石 第一季,Yellowstone Season 1,2018,美国,剧集,剧情,资源,9.0,,https://movie.douban.com/subject/27036727/,2023/04/18 17:28,,2023
银河护卫队3,Guardians of the Galaxy Vol. 3,2023,美国,电影,"Super Hero,漫威",院线,8.0,,https://movie.douban.com/subject/26258779/,2023/05/06 09:48,,2023
速度与激情10,Fast X,2023,美国,电影,犯罪,院线,6.0,,https://movie.douban.com/subject/26631790/,2023/05/24 19:49,,2023
泰坦尼克号,Titanic,1997,美国,电影,"爱情,灾难",资源,10,,https://movie.douban.com/subject/1292722/,2023/05/26 14:21,,2023
真探 第二季,True Detective Season 2,2015,美国,剧集,悬疑,资源,8.0,,https://movie.douban.com/subject/25837700/,2023/06/18 02:08,,2023
真探 第三季,True Detective Season 3,2019,美国,剧集,悬疑,资源,8.0,,https://movie.douban.com/subject/27006232/,2023/06/18 02:08,,2023
惊天营救2,Extraction 2,2023,美国,电影,"剧情,犯罪",Netflix,7.0,,https://movie.douban.com/subject/35056376/,2023/06/18 02:08,,2023
闪电侠,The Flash,2023,美国,电影,"Super Hero,DC",院线,7.0,,https://movie.douban.com/subject/3011317/,2023/06/27 14:26,,2023
黑镜 第六季,Black Mirror Season 6,2023,美国,剧集,剧情,Netflix,7.0,,https://movie.douban.com/subject/35901863/,2023/06/27 14:25,,2023
僵尸世界大战,World War Z,2013,美国,电影,"灾难,生存",Netflix,8.0,,https://movie.douban.com/subject/2132473/,2023/06/28 14:20,,2023
羊毛战记 第一季,Silo Season 1,2023,美国,剧集,"生存,灾难",资源,8.0,,https://movie.douban.com/subject/35468745/,2023/06/30 17:29,,2023
怦然心动,Flipped,2010,美国,电影,爱情,BiliBili,9.0,,https://movie.douban.com/subject/3319755/,2023/06/30 17:37,,2023
以吾之名,마이네임,2021,韩国,剧集,犯罪,Netflix,8.0,,https://movie.douban.com/subject/35172465/,2023/07/03 19:39,,2023
冰血暴 第一季,Fargo Season 1,2014,美国,剧集,犯罪,资源,9.0,,https://movie.douban.com/subject/24297912/,2023/07/07 01:23,,2023
冰血暴 第二季,Fargo Season 2,2015,美国,剧集,犯罪,资源,9.0,,https://movie.douban.com/subject/25919897/,2023/07/10 12:10,,2023
冰血暴 第三季,Fargo Season 3,2017,美国,剧集,犯罪,资源,8.0,,https://movie.douban.com/subject/26671380/,2023/07/13 18:56,,2023
碟中谍7:致命清算,Mission: Impossible – Dead Reckoning Part One,2023,美国,电影,犯罪,院线,8.0,,https://movie.douban.com/subject/30433455/,2023/07/14 18:07,,2023
网络迷踪2,Missing,2023,美国,电影,"悬疑,剧情",Netflix,8.0,,https://movie.douban.com/subject/34795100/,2023/07/17 02:05,,2023
被解救的姜戈,Django Unchained,2012,美国,电影,剧情,Netflix,9.0,,https://movie.douban.com/subject/6307447/,2023/07/20 00:46,,2023
蒙上你的眼：逃出巴塞罗那,A ciegas,2023,西班牙,电影,"惊悚,剧情",Netflix,5.0,,https://movie.douban.com/subject/35650123/,2023/07/20 00:47,,2023
黄石 第二季,Yellowstone Season 2,2019,美国,剧集,"剧情,犯罪",资源,9.0,,https://movie.douban.com/subject/30283405/,2023/07/20 00:53,,2023
消失的爱人,Gone Girl,2014,美国,电影,"剧情,犯罪",Netflix,9.0,,https://movie.douban.com/subject/21318488/,2023/07/20 04:03,,2023
谍影重重,The Bourne Identity,2002,美国,电影,"剧情,悬疑,动作",BiliBili,8.0,,https://movie.douban.com/subject/1304102/,2023/07/20 16:45,,2023
谍影重重2,The Bourne Supremacy,2004,美国,电影,"剧情,悬疑,动作",BiliBili,8.0,,https://movie.douban.com/subject/1308767/,2023/07/20 20:51,,2023
谍影重重3,The Bourne Ultimatum,2007,美国,电影,"剧情,悬疑,动作",BiliBili,8.0,,https://movie.douban.com/subject/1578507/,2023/07/21 01:34,,2023
熔炉,도가니,2011,韩国,电影,剧情,资源,9.0,,https://movie.douban.com/subject/5912992/,2023/07/21 18:15,,2023
何以为家,كفرناحوم,2018,黎巴嫩,电影,剧情,BiliBili,9.0,,https://movie.douban.com/subject/30170448/,2023/07/23 01:49,,2023
静水城,Stillwater,2021,美国,电影,"剧情,悬疑",Netflix,7.0,,https://movie.douban.com/subject/34614665/,2023/07/23 13:48,,2023
新世界,신세계,2013,韩国,电影,犯罪,资源,9.0,,https://movie.douban.com/subject/10437779/,2023/07/24 02:01,,2023
勿言推理,ミステリと言う勿れ,2022,日本,剧集,悬疑,BiliBili,8.0,,https://movie.douban.com/subject/35288743/,2023/07/29 20:08,,2023
重庆森林,,1994,中国,电影,剧情,资源,9.0,,https://movie.douban.com/subject/1291999/,2023/07/29 20:08,,2023
猎魔人 第三季,The Witcher Season 3,2023,美国,剧集,剧情,Netflix,7.0,,https://movie.douban.com/subject/35609387/,2023/08/04 09:41,,2023
咒术回战0,呪術廻戦 0,2021,日本,电影,"剧情,魔幻",Netflix,8.0,,https://movie.douban.com/subject/35414623/,2023/08/06 19:04,,2023
咒术回战 第一季,呪術廻戦,2020,日本,剧集,"剧情,魔幻",Netflix,8.0,,https://movie.douban.com/subject/34895145/,2023/08/24 13:04,,2023
咒术回战 第二季,,,,,,Netflix,8.0,,,2023/08/24 13:04,,2023
谍之心,Heart of Stone,2023,美国,电影,"悬疑,剧情,犯罪",Netflix,6.0,,https://movie.douban.com/subject/35274674/,2023/08/24 13:04,,2023
进击的巨人 第一季,,,,,,Netflix,9.0,,,2023/09/06 20:56,,2023
进击的巨人 第一季,,,,,,Netflix,9.0,,,2023/09/06 20:57,,2023
进击的巨人 第二季,,,,,,Netflix,9.0,,,2023/09/06 20:57,,2023
进击的巨人 第三季,,,,,,Netflix,9.0,,,2023/09/06 20:57,,2023
进击的巨人 第四季,,,,,,Netflix,9.0,,,2023/09/06 20:57,,2023
进击的巨人 第五季,,,,,,Netflix,9.0,,,2023/09/06 20:57,,2023
进击的巨人 第六季,,,,,,Netflix,9.0,,,2023/09/06 20:57,,2023
进击的巨人 第七季,,,,,,Netflix,9.0,,,2023/09/06 20:57,,2023
鬼灭之刃 立志篇,鬼滅の刃,2019,日本,剧集,"日本,魔幻",Netflix,9.0,,https://movie.douban.com/subject/30210221/,2023/09/06 20:57,,2023
鬼灭之刃 无限列车篇,鬼滅の刃 無限列車編,2021,日本,剧集,"日本,魔幻",Netflix,9.0,,https://movie.douban.com/subject/35620761/,2023/09/06 20:58,,2023
鬼灭之刃 游郭篇,鬼滅の刃 遊郭編,2021,日本,剧集,"日本,魔幻",Netflix,9.0,,https://movie.douban.com/subject/34813210/,2023/09/06 20:58,,2023
鬼灭之刃 刀匠村篇,鬼滅の刃 刀鍛冶の里編,2023,日本,剧集,"日本,魔幻",Netflix,8.0,,https://movie.douban.com/subject/35769236/,2023/09/06 20:58,,2023
秘密森林,비밀의 숲,2017,韩国,剧集,"犯罪,剧情",Netflix,9.0,,https://movie.douban.com/subject/26934346/,2023/09/06 20:58,,2023
秘密森林2,비밀의숲2,2020,韩国,剧集,"犯罪,剧情",Netflix,9.0,,https://movie.douban.com/subject/34815544/,2023/09/06 20:58,,2023
窥探,마우스,2021,韩国,剧集,"犯罪,剧情,悬疑",资源,8.0,,https://movie.douban.com/subject/35027568/,2023/09/17 16:11,,2023
绅士怪盗3,Lupin Season 3,2023,法国,剧集,"犯罪,剧情",Netflix,7.0,,https://movie.douban.com/subject/36105168/,2023/10/18 06:05,,2023
夺宝奇兵5：命运转盘,Indiana Jones and the Dial of Destiny,2023,美国,电影,"剧情,冒险",BiliBili,7.0,,https://movie.douban.com/subject/3819860/,2023/10/22 23:46,,2023
止痛骗,Pain Hustlers,2023,美国,电影,"剧情,犯罪",Netflix,7.0,,https://movie.douban.com/subject/35603707/,2023/11/01 22:26,,2023
杀手,The Killer,2023,美国,电影,"犯罪,动作",Netflix,7.0,,https://movie.douban.com/subject/2998451/,2023/11/15 22:02,,2023
达芬奇密码,The Da Vinci Code,2006,"美国,法国,英国",电影,悬疑,BiliBili,8.0,,https://movie.douban.com/subject/1329950/,2023/11/16 19:40,,2023
超脱,Detachment,2011,美国,电影,剧情,BiliBili,9.0,,https://movie.douban.com/subject/5322596/,2023/11/16 22:02,,2023
罪孽深种,DNA do Crime,2023,巴西,剧集,犯罪,Netflix,8.0,,https://movie.douban.com/subject/36152522/,2023/11/16 22:04,,2023
铁道人：1984博帕尔事件,The Railway Men,2023,印度,剧集,剧情,Netflix,8.0,,https://movie.douban.com/subject/36620859/,2023/11/30 19:05,,2023
巨齿鲨2：深渊,Meg 2: The Trench,2023,"美国,中国",电影,动作,腾讯视频,7.0,,https://movie.douban.com/subject/34882958/,2023/11/30 19:06,,2023
奥本海默,Oppenheimer,2023,"美国,英国",电影,传记,资源,9.0,,https://movie.douban.com/subject/35593344/,2023/12/03 20:15,,2023
甜蜜家园2,스위트홈2,2023,韩国,剧集,"动作,魔幻",Netflix,7.0,,https://movie.douban.com/subject/35524443/,2023/12/03 20:15,,2023
美国恐怖故事 第三季,American Horror Story Season 3,2013,美国,剧集,魔幻,资源,7.0,,https://movie.douban.com/subject/20513355/,2023/12/03 22:39,,2023
93国际列车大劫案：莫斯科行动,,2023,中国,电影,犯罪,BiliBili,5.0,,https://movie.douban.com/subject/10810266/,2023/12/04 02:13,,2023
电锯惊魂10,Saw X,2023,"美国,墨西哥",电影,犯罪,资源,8.0,,https://movie.douban.com/subject/36116844/,2023/12/05 16:28,,2023
了不起的盖茨比,The Great Gatsby,2013,"美国,澳大利亚",电影,"传记,剧情",资源,9.0,,https://movie.douban.com/subject/3364223/,2023/12/10 20:16,,2023
疾速追杀2,John Wick: Chapter 2,2017,美国,电影,"剧情,犯罪,动作",资源,8.0,,https://movie.douban.com/subject/26333560/,2023/12/15 23:23,,2023
疾速追杀3,John Wick: Chapter 3 - Parabellum,2019,美国,电影,"剧情,犯罪,动作",资源,8.0,,https://movie.douban.com/subject/26909790/,2023/12/16 16:47,,2023
疾速追杀4,John Wick: Chapter 4,2023,美国,电影,"剧情,犯罪,动作",资源,8.0,,https://movie.douban.com/subject/33455421/,2023/12/16 22:16,,2023
康斯坦丁,Constantine,2005,美国,电影,"惊悚,魔幻",资源,8.0,,https://movie.douban.com/subject/1309021/,2023/12/17 21:03,,2023
少年派的奇幻漂流,Life of Pi,2012,"美国,中国,英国,加拿大",,剧情,资源,8.0,,https://movie.douban.com/subject/1929463/,2023/12/18 17:00,,2023
海王2：失落的王国,Aquaman and the Lost Kingdom,2023,美国,电影,"Super Hero,魔幻,DC",院线,6.0,,https://movie.douban.com/subject/30444942/,2023/12/20 23:37,,2023
人生路不熟,,2023,中国,电影,喜剧,腾讯视频,7.0,,https://movie.douban.com/subject/35653205/,2023/12/24 21:27,,2023
月球叛军：火之女,Rebel Moon: A Child of Fire,2023,美国,电影,魔幻,Netflix,6.0,,https://movie.douban.com/subject/35517441/,2023/12/26 22:40,,2023
流人 第三季,Slow Horses Season 3,2023,英国,剧集,"犯罪,悬疑",资源,8.0,,https://movie.douban.com/subject/35918976/,2023/12/28 19:53,,2023
愚弄至死,Fool Me Once,2024,英国,剧集,"悬疑,剧情",Netflix,7.0,,https://movie.douban.com/subject/36253984/,2024/01/09 20:56,,2024
绝境盟约,La sociedad de la nieve,2023,"西班牙,智利,美国,乌拉圭",电影,剧情,Netflix,8.0,,https://movie.douban.com/subject/35693512/,2024/01/10 18:10,,2024
寂静之地2,A Quiet Place: Part II,2021,美国,电影,惊悚,BiliBili,6.0,,https://movie.douban.com/subject/30206311/,2024/01/16 23:05,,2024
侠探杰克 第二季,Reacher Season 2,2023,美国,剧集,"剧情,犯罪",资源,8.0,,https://movie.douban.com/subject/35763119/,2024/01/20 00:34,,2024
冰血暴 第五季,Fargo Season 5,2023,美国,剧集,"犯罪,剧情,悬疑",资源,8.0,,https://movie.douban.com/subject/35774682/,2024/01/21 02:39,,2024
养蜂人,The Beekeeper,2024,"美国,英国",电影,"剧情,犯罪",院线,7.0,,https://movie.douban.com/subject/35579652/,2024/01/31 08:35,,2024
花月杀手,Killers of the Flower Moon,2023,美国,电影,剧情,资源,7.0,,https://movie.douban.com/subject/26745332/,2024/02/03 16:00,,2024
杀人者的难堪,살인자o난감,2024,韩国,剧集,"剧情,犯罪",Netflix,7.0,,https://movie.douban.com/subject/35907916/,2024/02/11 16:14,,2024
解读恶之心的人们,악의 마음을 읽는 자들,2022,韩国,剧集,"剧情,悬疑,犯罪",Netflix,8.0,,https://movie.douban.com/subject/35460361/,2024/02/14 00:29,,2024
杀人者的购物中心,킬러들의 쇼핑몰,2024,韩国,剧集,"动作,剧情,悬疑",资源,7.0,,https://movie.douban.com/subject/36174946/,2024/02/17 14:10,,2024
真探 第四季,True Detective Season 4,2024,美国,剧集,"悬疑,剧情,犯罪",资源,8.0,,https://movie.douban.com/subject/35809047/,2024/02/21 01:32,,2024
杂种,Bastarden,2023,"丹麦,瑞典,挪威,德国",电影,剧情,资源,8.0,,https://movie.douban.com/subject/35699773/,2024/03/01 11:10,,2024
超异能者,무빙,2023,韩国,剧集,魔幻,资源,9.0,,https://movie.douban.com/subject/35206436/,2024/03/01 11:10,,2024
摩斯探长前传 第一季,Endeavour Season 1,2013,英国,剧集,悬疑,资源,9.0,,https://movie.douban.com/subject/22507437/,2024/03/02 13:00,,2024
摩斯探长前传 第二季,Endeavour Season 2,2014,英国,剧集,悬疑,资源,8.0,,https://movie.douban.com/subject/24849982/,2024/03/07 06:00,,2024
摩斯探长前传 第三季,Endeavour Season 3,2016,英国,剧集,悬疑,资源,8.0,,https://movie.douban.com/subject/25873036/,2024/03/07 06:00,,2024
摩斯探长前传 第四季,Endeavour Season 4,2017,英国,剧集,悬疑,资源,8.0,,https://movie.douban.com/subject/26723175/,2024/03/07 06:00,,2024
摩斯探长前传 第五季,Endeavour Season 5,2018,英国,剧集,悬疑,资源,8.0,,https://movie.douban.com/subject/26965753/,2024/03/07 06:00,,2024
摩斯探长前传 第六季,Endeavour Season 6,2019,英国,剧集,悬疑,资源,8.0,,https://movie.douban.com/subject/30177326/,2024/03/07 06:01,,2024
摩斯探长前传 第七季,Endeavour Season 7,2020,英国,剧集,悬疑,资源,8.0,,https://movie.douban.com/subject/30480179/,2024/03/08 03:01,,2024
摩斯探长前传 第八季,Endeavour Season 8,2021,英国,剧集,悬疑,资源,8.0,,https://movie.douban.com/subject/34945580/,2024/03/08 03:02,,2024
摩斯探长前传 第九季,Endeavour Season 9,2023,英国,剧集,悬疑,资源,8.0,,https://movie.douban.com/subject/35912023/,2024/03/12 13:30,,2024
沙丘2,Dune: Part Two,2024,"美国,加拿大",电影,"剧情,魔幻",院线,8.0,,https://movie.douban.com/subject/35575567/,2024/03/12 13:30,,2024
功夫熊猫4,Kung Fu Panda 4,2024,"美国,中国",电影,喜剧,院线,6.0,,https://movie.douban.com/subject/26715496/,2024/03/12 13:30,,2024
周处除三害,,2023,中国台湾,电影,"犯罪,动作",Netflix,9.0,,https://movie.douban.com/subject/36151692/,2024/03/13 18:28,,2024
电锯人,,,,,"动画,惊悚",Netflix,7.0,,,2024/03/13 18:28,,2024
寄生兽,,,,,"动画,惊悚",Netflix,9.0,,,2024/03/14 14:32,,2024
首尔之春,서울의 봄,2023,韩国,电影,"剧情,历史",资源,8.0,,https://movie.douban.com/subject/35712804/,2024/03/15 14:00,,2024
你想活出怎样的人生,君たちはどう生きるか,2023,日本,电影,"剧情,动画",院线,7.0,,https://movie.douban.com/subject/26925611/,2024/04/08 14:16,,2024
寄生兽：灰色部队,기생수: 더 그레이,2024,韩国,剧集,惊悚,Netflix,7.0,,https://movie.douban.com/subject/35954429/,2024/04/09 18:29,,2024
哥斯拉大战金刚2:帝国崛起,Godzilla x Kong: The New Empire,2024,美国,电影,"惊悚,动作,魔幻",BiliBili,6.0,,https://movie.douban.com/subject/35453251/,2024/04/13 11:28,,2024
哥斯拉大战金刚,Godzilla vs Kong,2021,美国,电影,"惊悚,动作,魔幻",BiliBili,6.0,,https://movie.douban.com/subject/26613692/,2024/04/14 17:05,,2024
辐射 第一季,Fallout Season 1,2024,美国,剧集,"剧情,冒险,动作",资源,8.0,,https://movie.douban.com/subject/35128081/,2024/04/24 13:03,,2024
后翼弃兵,The Queen's Gambit,2020,美国,剧集,剧情,Netflix,8.0,,https://movie.douban.com/subject/32579283/,2024/05/17 13:48,,2024
哥斯拉 -1.0,ゴジラ-1.0,2023,日本,电影,"科幻,灾难,剧情",Netflix,7.0,,https://movie.douban.com/subject/35914398/,2024/06/06 09:20,,2024
谁是被害者2,,2024,中国台湾,剧集,"悬疑,剧情,犯罪",Netflix,7.0,,https://movie.douban.com/subject/35208511/,2024/06/26 19:16,,2024
默杀,,2024,中国,电影,"犯罪,剧情",BiliBili,7.0,,https://movie.douban.com/subject/36877322/,2024/07/10 07:48,,2024
鬼灭之刃 柱训练篇,鬼滅の刃 柱稽古編,2024,日本,剧集,"动画,魔幻,动作",Netflix,8.0,,https://movie.douban.com/subject/36449810/,2024/07/10 08:56,,2024
偷破天际线,Lift,2024,美国,电影,"悬疑,剧情,犯罪",Netflix,7.0,,https://movie.douban.com/subject/35874112/,2024/07/10 10:59,,2024
神偷军团,Army of Thieves,2021,美国,电影,犯罪,Netflix,6.0,,https://movie.douban.com/subject/35245762/,2024/07/10 15:33,,2024
连带伤害,Collateral,2018,"美国,英国",剧集,"剧情,惊悚,悬疑,犯罪",Netflix,8.0,,https://movie.douban.com/subject/27002131/,2024/07/11 08:02,,2024
怪兽8号 第一季,怪獣8号,2024,日本,剧集,"动作,魔幻,动画",Netflix,8.0,,https://movie.douban.com/subject/36052975/,2024/07/14 11:23,,2024
罪人的真相 第四季,The Sinner Season 4,2021,美国,剧集,"悬疑,剧情,惊悚",Netflix,7.0,,https://movie.douban.com/subject/35099720/,2024/07/15 15:55,,2024
罪人的真相 第一季,The Sinner Season 1,2017,美国,剧集,"悬疑,惊悚,剧情",Netflix,8.0,,https://movie.douban.com/subject/26870757/,2024/07/18 19:27,,2024
罪人的真相 第二季,The Sinner Season 2,2018,美国,剧集,"悬疑,惊悚,剧情",Netflix,7.0,,https://movie.douban.com/subject/30172298/,2024/07/20 14:21,,2024
甜蜜家园 第三季,스위트홈3,2024,韩国,剧集,"惊悚,动作,魔幻",Netflix,6.0,,https://movie.douban.com/subject/35929861/,2024/07/20 14:22,,2024
马戏之王,The Greatest Showman,2017,美国,电影,"歌舞,剧情,传记",爱奇艺,9.0,,https://movie.douban.com/subject/3914513/,2024/08/03 14:28,,2024
死侍与金刚狼,Deadpool & Wolverine,2024,美国,电影,"漫威,Super Hero,动作",院线,7.0,,https://movie.douban.com/subject/26957900/,2024/08/05 18:26,,2024
1917,,2019,"美国,英国,印度,西班牙,加拿大,中国",电影,剧情,Netflix,7.0,,https://movie.douban.com/subject/30252495/,2024/08/08 08:51,,2024
史密斯夫妇 第一季,Mr. & Mrs. Smith Season 1,2024,美国,剧集,"犯罪,动作",资源,8.0,,https://movie.douban.com/subject/35361158/,2024/08/18 10:17,,2024
罪人的真相 第三季,The Sinner Season 3,2020,美国,剧集,"悬疑,惊悚,剧情,犯罪",Netflix,6.0,,https://movie.douban.com/subject/30483025/,2024/08/19 19:00,,2024
因果报应,Maharaja,2024,印度,剧集,"犯罪,动作,剧情,悬疑",Netflix,8.0,,https://movie.douban.com/subject/36934908/,2024/08/25 16:34,,2024
疯狂的麦克斯：狂暴女神,Furiosa: A Mad Max Saga,2024,"美国,澳大利亚",电影,"惊悚,动作",资源,7.0,,https://movie.douban.com/subject/34996127/,2024/08/25 17:33,,2024
怪物：杰夫瑞·达莫的故事 第一季,DAHMER - Monster: The Jeffrey Dahmer Story Season 1,2022,美国,剧集,"犯罪,剧情",Netflix,8.0,,https://movie.douban.com/subject/35215520/,2024/09/05 15:28,,2024
三块广告牌,"Three Billboards Outside Ebbing, Missouri",2017,美国,电影,"犯罪,剧情",爱奇艺,8.0,,https://movie.douban.com/subject/26611804/,2024/09/05 21:10,,2024
流人 第四季,,,,,,资源,9.0,,,2024/10/13 19:51,,2024
异形：夺命舰,,,,,,资源,7.0,,,2024/10/16 15:12,,2024
爱在黎明破晓前,,,,,,资源,8.0,,,2024/10/17 09:05,,2024
雷普利,,,,,,Netflix,8.0,,,2024/10/30 08:44,,2024
女巫阿加莎,Agatha All Along,,,,,资源,8.0,,,2024/11/17 11:00,,2024
如此亲密的背叛者,,,,,,Netflix,8.0,,,2024/11/17 11:03,,2024
行尸走肉：达里尔·迪克森 第一季,The Walking Dead: Daryl Dixon Season 1,,,,,资源,7.0,,,2024/11/29 08:25,,2024
豺狼的日子 第一季,The Day of the Jackal Season 1,,,,,资源,9.0,,,2024/11/29 08:29,,2024
行尸走肉：达里尔·迪克森 第二季,,,,,,资源,6.0,,,2024/12/01 13:43,,2024
下一个素熙,,,,,,资源,8.0,,,2024/12/01 13:44,,2024
行骗高手,,,,,,资源,6.0,,,2024/12/05 21:07,,2024
沙丘：预言 第一季,,,,,,资源,8.0,,,2024/12/10 12:04,,2024
权力的游戏 第一季,,,,,,资源,9.0,,,2024/12/12 14:52,,2024
黑鸽,,,,,,资源,8.0,,,2024/12/22 12:00,,2024
权力的游戏 第二季,,,,,,资源,9.0,,,2024/12/22 12:03,,2024
权力的游戏 第三季,,,美国,剧集,,资源,8.0,,,2025/01/14 16:10,,2025
石油天王 第一季,,,,剧集,,资源,8.0,,,2025/01/21 12:35,,2025
羊毛战记 第二季,,,,剧集,,资源,7.0,,,2025/01/21 12:35,,2025
权力的游戏 第四季,,,,剧集,,资源,9.0,,,2025/01/23 09:56,,2025
权力的游戏 第五季,,,,剧集,,资源,8.0,,,2025/02/01 12:47,,2025
权力的游戏 第六季,,,,剧集,,资源,8.0,,,2025/02/01 12:47,,2025
边境杀手,,,,电影,,资源,7.0,,,2025/02/01 15:02,,2025
边境杀手 2,,,,电影,,资源,7.0,,,2025/02/02 15:45,,2025
误判,,,,电影,,资源,8.0,,,2025/02/02 15:45,,2025
权力的游戏 第七季,,,,剧集,,资源,8.0,,,2025/02/04 11:15,,2025
误杀瞒天记 2,,,印度,电影,,资源,8.0,,,2025/02/04 11:16,,2025
权力的游戏 第八季,,,,剧集,,资源,8.0,,,2025/02/05 11:35,,2025
黑水,,,,电影,,资源,8.0,,,2025/02/05 11:35,,2025
套装,,,,电影,,资源,7.0,,,2025/02/05 11:36,,2025
蒙太奇,,,,电影,,资源,8.0,,,2025/02/05 16:02,,2025
哪吒之魔童闹海,,,,电影,,院线,8.0,,,2025/02/07 12:19,,2025
杰伊·比姆,,,,电影,,资源,8.0,,,2025/02/07 12:19,,2025
某种物质,,,,电影,,资源,7.0,,,2025/02/07 12:20,,2025
黄海,,,,电影,,资源,8.0,,,2025/02/07 15:37,,2025
可怜的东西,,,,电影,,资源,6.0,,,2025/02/08 22:26,,2025
驯荒记,,,,剧集,,资源,8.0,,,2025/02/08 22:26,,2025
冷血动物,,,,电影,,资源,7.0,,,2025/02/08 22:30,,2025
狗神,,,,电影,,资源,8.0,,,2025/02/09 11:00,,2025
风味人间 第五季,,,,纪录片,,资源,8.0,,,2025/02/11 20:30,,2025
好东西,,,,电影,,资源,9.0,,,2025/02/11 20:30,,2025
白日梦想家,,,,电影,,资源,7.0,,,2025/02/12 13:20,,2025
幕府将军 第一季,,,,剧集,,资源,7.0,,,2025/02/14 16:50,,2025
危机13小时,,,,电影,,资源,7.0,,,2025/02/15 10:44,,2025
无罪的罪人,,,,剧集,,资源,8.0,,,2025/02/16 15:30,,2025
峡谷,,,,电影,,资源,7.0,,,2025/02/16 19:07,,2025
机器人总动员,,,,电影,,资源,9.0,,,2025/02/17 17:55,,2025
玩具总动员 1,,,,电影,,资源,8.0,,,2025/02/17 17:55,,2025
玩具总动员2,,,,电影,,资源,8.0,,,2025/02/17 17:56,,2025
杀人优越权,,,,电影,,资源,7.0,,,2025/02/18 09:14,,2025
玩具总动员 3,,,,电影,,资源,8.0,,,2025/02/18 21:32,,2025
猎凶风河谷,,,,电影,,资源,8.0,,,2025/02/18 23:33,,2025
义妹生活,,,,剧集,,资源,7.0,,,2025/02/22 15:00,,2025
双狼,,,,电影,,资源,6.0,,,2025/02/22 15:01,,2025
少数派报告,,,,电影,,资源,8.0,,,2025/02/22 19:44,,2025
银河护卫队：假日特辑,,,,电影,,资源,7.0,,,2025/02/22 20:23,,2025
会计刺客,,,,电影,,资源,8.0,,,2025/02/23 09:23,,2025
杀人者的记忆法,,,,电影,,资源,8.0,,,2025/02/25 22:59,,2025
特殊失踪专案组,,,,剧集,,资源,8.0,,,2025/03/06 23:04,,2025
不能说的秘密,,,,电影,,资源,9.0,,,2025/03/10 13:08,,2025
爱情神话,,,,电影,,资源,7.0,,,2025/03/11 17:41,,2025
初步举证,,,,电影,,资源,9.0,,,2025/03/12 22:33,,2025
暗夜情报员 第二季,,,,剧集,,资源,7.0,,,2025/03/13 18:52,,2025
她,,,,电影,,资源,8.0,,,2025/03/13 21:24,,2025
杀死比尔,,,,电影,,资源,8.0,,,2025/03/17 14:46,,2025
杀死比尔 2,,,,电影,,资源,8.0,,,2025/03/17 14:46,,2025
三体(腾讯) 第一季,,,,剧集,,资源,8.0,,,2025/03/27 22:38,,2025
侠探杰克 第三季,,,,剧集,,资源,7.0,,,2025/03/28 11:24,,2025
混沌少年时,,,,剧集,,资源,7.0,,,2025/03/29 21:28,,2025
照明商店,,,,剧集,,资源,8.0,,,2025/04/03 14:34,,2025
爱在日落黄昏时,,,,电影,,资源,8.0,,,2025/04/03 23:13,,2025
爱在午夜降临前,,,,电影,,资源,8.0,,,2025/04/05 22:28,,2025
黑袋行动,,,,电影,,资源,7.0,,,2025/04/05 22:28,,2025
高处营救,,,,电影,,资源,6.0,,,2025/04/05 23:30,,2025
谍网追凶,,,,电影,,院线,6.0,,,2025/04/12 23:28,,2025
百年孤独,,,,剧集,,资源,8.0,,,2025/04/12 23:28,,2025
傲慢与偏见,,,,电影,,资源,8.0,,,2025/04/08 21:01,,2025
调音师,,,,电影,,资源,7.0,,,2025/04/08 21:02,,2025
触碰你,,,,电影,,院线,6.0,,,2025/04/24 12:02,,2025
白宫杀人事件,,,,剧集,,资源,7.0,,,2025/04/24 12:02,,2025
黑镜 第七季,,,,剧集,,资源,8.0,,,2025/04/26 21:37,,2025
城中大盗,,,,电影,,资源,7.0,,,2025/04/26 21:37,,2025
特工,,,,电影,,资源,9.0,,,2025/05/02 15:56,,2025
狩猎,,,,电影,,资源,9.0,,,2025/05/11 12:58,,2025
敦刻尔克,,,,电影,,资源,8.0,,,2025/05/11 23:06,,2025
至暗时刻,,,,电影,,资源,9.0,,,2025/05/13 23:11,,2025
决战中途岛,,,,电影,,资源,7.0,,,2025/05/13 23:11,,2025
发掘,,,,电影,,资源,7.0,,,2025/05/15 11:34,,2025
苦尽柑来遇见你,,,,剧集,,资源,10,,,2025/05/21 22:14,,2025
移动迷宫,,,,电影,,资源,7.0,,,2025/05/29 16:59,,2025
移动迷宫 2,,,,电影,,资源,6.0,,,2025/05/29 16:59,,2025
移动迷宫 3,,,,电影,,资源,5.0,,,2025/06/03 22:43,,2025
最后生还者 第二季,,,,剧集,,资源,8.0,,,2025/06/03 22:43,,2025
不可遗忘 第一季,,,,剧集,,资源,9.0,,,2025/06/05 13:30,,2025
不可遗忘 第二季,,,,剧集,,资源,8.0,,,2025/06/08 10:13,,2025
不可遗忘 第三季,,,,剧集,,资源,8.0,,,2025/06/09 10:50,,2025
不可遗忘 第四季,,,,剧集,,资源,8.0,,,2025/06/10 10:46,,2025
恶缘,,,,剧集,,资源,9.0,,,2025/06/12 00:26,,2025
人生复本 第一季,,,,剧集,,资源,8.0,,,2025/06/21 11:47,,2025
秘密特工,,,,电影,,资源,7.0,,,2025/06/21 18:11,,2025
怪物,,,,电影,,资源,9.0,,,2025/06/23 00:14,,2025
死神来了6：血脉诅咒,,,,电影,,资源,7.0,,,2025/06/23 17:56,,2025
1883,,,,剧集,,资源,8.0,,,2025/07/08 19:43,,2025
悬案解码,,,,剧集,,资源,8.0,,,2025/07/10 18:42,,2025
1923,,,,剧集,,资源,9.0,,,2025/07/13 19:27,,2025
1923 第二季,,,,剧集,,资源,9.0,,,2025/07/16 15:02,,2025
F1：狂飙飞车,,,,电影,,院线,8.0,,,2025/07/17 12:55,,2025
控方证人,,,,电影,,资源,9.0,,,2025/07/22 16:39,,2025
梦之安魂曲,,,,电影,,资源,8.0,,,2025/07/22 19:31,,2025
花样年华,,,,电影,,资源,9.0,,,2025/07/22 23:13,是我，如果有多一张船票，你会不会同我一起走？,2025
东邪西毒：终极版,,,,电影,,资源,8.0,,,2025/07/23 19:43,,2025
罪人,,,,电影,,资源,8.0,,,2025/07/24 00:06,,2025
分手的决心,,,,电影,,资源,7.0,,,2025/07/24 22:22,,2025
疾速追杀：芭蕾杀姬,,,,电影,,资源,7.0,,,2025/07/25 21:44,,2025
前目的地,,,,电影,,资源,7.0,,,2025/08/01 09:48,,2025
扫黑·决不放弃,,,,电影,,腾讯视频,6.0,,,2025/08/04 19:34,,2025
黄石 第一季,,,,剧集,,资源,9.0,,,2025/08/04 19:34,,2025
旺角卡门,,,,电影,,腾讯视频,7.0,,,2025/08/08 13:13,,2025
霸王别姬,,,,电影,,资源,9.0,,,2025/08/08 16:39,,2025
制暴：无限杀机,,,,电影,,腾讯视频,6.0,,,2025/08/08 16:40,,2025
南京照相馆,,,,电影,,院线,8.0,,,2025/08/09 10:55,,2025
浪浪山小妖怪,,,,电影,,院线,9.0,,,2025/08/10 18:08,,2025
辛德勒的名单,,,,电影,,资源,9.0,,,2025/08/12 07:53,,2025
低俗小说,,,,电影,,资源,8.0,,,2025/08/12 12:49,,2025
双城之战 第二季,,,,剧集,,资源,9.0,,,2025/08/13 20:50,,2025
美丽心灵,,,,电影,,资源,8.0,,,2025/08/13 23:38,,2025
一级恐惧,,,,电影,,资源,8.0,,,2025/08/16 09:51,,2025
捕风追影,,,,电影,,院线,8.0,,,2025/08/17 01:49,,2025
我独自升级 第二季,,,,剧集,,资源,8.0,,,2025/08/17 23:07,,2025
碟中谍8：最终清算,,,,电影,,资源,7.0,,,2025/08/18 17:56,,2025
会计刺客2,,,,电影,,资源,6.0,,,2025/08/20 15:53,,2025
赎罪,,,,电影,,资源,8.0,,,2025/08/20 19:06,,2025
志明与春娇,,,,电影,,腾讯视频,7.0,,,2025/08/21 18:05,,2025
塔尔萨之王,,,,剧集,,资源,8.0,,,2025/08/22 22:44,,2025
名侦探柯南：百万美元的五棱星,,,,电影,,BiliBili,6.0,,,2025/08/29 09:26,,2025
伊甸,,,,电影,,资源,7.0,,,2025/08/29 09:26,,2025
塔尔萨之王 第二季,,,,剧集,,资源,7.0,,,2025/08/30 16:00,,2025
荒境狂途,,,,剧集,,资源,7.0,,,2025/09/01 18:37,,2025
里斯本丸沉没,,,,纪录片,,资源,9.0,,,2025/09/02 15:02,,2025
波士顿连环命案,,,,电影,,资源,7.0,,,2025/09/02 19:32,,2025
布达佩斯大饭店,,,,电影,,资源,9.0,,,2025/09/03 09:20,,2025
救命解药,,,,电影,,资源,6.0,,,2025/09/03 15:46,,2025
告白,,,,电影,,资源,9.0,,,2025/09/04 18:36,,2025
超人,,,,电影,,资源,7.0,,,2025/09/06 15:03,,2025
甜蜜蜜,,,,电影,,腾讯视频,7.0,,,2025/09/07 19:48,,2025
夜班,,,,电影,,资源,8.0,,,2025/09/11 15:18,,2025
星期三 第一季,,,,剧集,,资源,8.0,,,2025/09/16 11:06,,2025
杀戮人机,,,,剧集,,资源,7.0,,,2025/09/19 12:35,,2025
星期三 第二季,,,,剧集,,资源,8.0,,,2025/09/23 09:36,,2025
异形：地球 第一季,,,,剧集,,资源,8.0,,,2025/09/24 17:35,,2025
弥留之国的爱丽丝 第三季,,,,剧集,,资源,7.0,,,2025/09/27 16:31,,2025
头文字D,,,,电影,,腾讯视频,7.0,,,2025/09/25 23:56,,2025
东城梦魇,,,,剧集,,资源,9.0,,,2025/09/25 23:57,,2025
神奇四侠：初露锋芒,,,,电影,,资源,6.0,,,2025/10/03 22:07,,2025
汉江怪物,,,,电影,,资源,8.0,,,2025/10/05 00:14,,2025
一战再战,,,,电影,,院线,8.0,,,2025/10/20 15:26,,2025
和平使者 第二季,,,,剧集,,资源,7.0,,,2025/10/20 15:27,,2025
火烧天堂镇,,,,电影,,资源,7.0,,,2025/10/21 22:58,,2025
官方机密,,,,电影,,资源,7.0,,,2025/10/21 22:58,,2025
流人 第五季,,,,剧集,,资源,9.0,,,2025/11/07 11:04,,2025
浪浪人生,,,,电影,,院线,5.0,,,2025/11/11 23:05,,2025
误杀 3,,,,电影,,腾讯视频,7.0,,,2025/11/28 13:28,,2025
罪夜之奔,,,,剧集,,资源,8.0,,,2025/11/28 13:28,,2025
边缘世界,,,,剧集,,资源,7.0,,,2025/12/05 12:54,,2025
都是她的错,,,,剧集,,资源,8.0,,,2025/12/07 15:29,,2025
电锯人蕾塞篇,,,,电影,,资源,8.0,,,2025/12/18 10:51,,2025
隔壁房间,,,,电影,,资源,6.0,,,2025/12/18 14:05,,2025
空战群英,,,,剧集,,资源,8.0,,,2025/12/18 14:20,,2025
铁血战士：杀戮之地,,,,电影,,资源,7.0,,,2025/12/19 09:02,,2025
阿凡达3,,,,电影,,院线,7.0,,,2025/12/20 12:22,,2025
利刃出鞘3：亡者归来,,,,电影,,资源,8.0,,,2025/12/20 12:24,,2025
K-POP猎魔女团,,,,电影,,资源,8.0,,,2025/12/22 10:20,,2025
情书,,,,电影,,资源,9.0,,,2025/12/23 10:53,,2025
金斯敦市长 第一季,,,,剧集,,资源,9.0,,,2025/12/27 11:15,,2025
关于约会的一切,,,,电影,,资源,8.0,,,2025/12/27 11:16,,2025
金斯敦市长 第二季,,,,剧集,,资源,8.0,,,2025/12/31 14:52,,2025
怪奇物语 第五季,,,美国,剧集,,资源,8.0,,,2026/01/03 15:05,,2026
真相捕捉 第一季,,,英国,剧集,,资源,8.0,,,2026/01/04 21:34,,2026
驴得水,,,中国,电影,,资源,9.0,,,2026/01/04 21:34,,2026
真相捕捉 第二季,,,英国,剧集,,资源,9.0,,,2026/01/05 22:54,,2026
疯狂动物城2,,,美国,电影,,院线,8.0,,,2026/01/11 12:29,,2026
泰勒斯威夫特：一个时代的结束,,,美国,纪录片,,资源,9.0,,,2026/01/11 12:30,,2026
隧道,,,韩国,电影,,资源,8.0,,,2026/01/15 09:32,,2026
沉默的真相,,,中国,剧集,,资源,8.0,,,2026/01/15 09:41,,2026
出走的决心,,,中国,电影,,资源,9.0,,,2026/01/21 21:27,,2026
金福南杀人事件始末,,,韩国,电影,,资源,9.0,,,2026/01/25 22:35,很遗憾以这种方式认识你金福南。,2026
沙尘暴,,,中国,剧集,,资源,8.0,,,2026/01/31 12:27,,2026
弗兰肯斯坦,,,美国,电影,,资源,8.0,,,2026/02/03 12:50,,2026
创：战神,,,美国,电影,,资源,6.0,,,2026/02/03 12:51,,2026
健听女孩,,,美国,电影,,资源,8.0,,,2026/02/04 22:06,,2026
穿条纹睡衣的男孩,,,德国,电影,,资源,8.0,,,2026/02/05 10:02,,2026
小姐,,,韩国,电影,,资源,8.0,,,2026/02/08 21:21,,2026
全信没收,,,美国,电影,,资源,6.0,,,2026/02/08 21:21,,2026
火车梦,,,美国,电影,,资源,8.0,,,2026/02/11 00:13,,2026
惊蛰无声,,,中国,电影,,资源,7.0,,,2026/02/20 12:35,,2026
强制窃贼,,,英国,剧集,,资源,7.0,,,2026/02/20 20:32,,2026
飞驰人生3,,,中国,电影,,资源,8.0,,,2026/02/24 13:31,,2026
辐射 第2季,,,美国,剧集,,资源,8.0,,,2026/02/24 13:32,,2026
七王国的骑士,,,"美国,英国",剧集,,资源,8.0,,,2026/02/25 10:53,,2026
金斯敦市长 第3季,,,美国,剧集,,资源,8.0,,,2026/03/01 23:49,,2026
爱情与灵药,,,美国,电影,,资源,8.0,,,2026/03/02 22:19,,2026
爱情怎么翻译,,,韩国,剧集,,资源,7.0,,,2026/03/03 20:33,,2026
暗杀,,,韩国,电影,,资源,7.0,,,2026/03/07 14:54,,2026
逃离德黑兰,,,美国,电影,,资源,7.0,,,2026/03/07 14:54,,2026
猎杀U-571,,,"美国,德国",电影,,资源,7.0,,,2026/03/07 17:57,,2026
接近终点,,,西班牙,电影,,资源,6.0,,,2026/03/10 10:41,,2026
查克的一生,,,美国,电影,,资源,7.0,,,2026/03/10 15:36,,2026
庇护之地,,,"美国,英国",电影,,资源,6.0,,,2026/03/07 20:27,,2026
匹兹堡医护前线 第一季,,,美国,剧集,,资源,9.0,,,2026/03/12 22:10,,2026
惊天魔盗团 3,,,美国,电影,,资源,5.0,,,2026/03/14 18:11,,2026
房间,,,美国,电影,,资源,8.0,,,2026/03/14 21:42,,2026
东京食尸鬼 第一季,,,日本,剧集,,资源,7.0,,,2026/03/23 13:28,,2026
东京食尸鬼 第二季,,,日本,剧集,,资源,8.0,,,2026/03/23 13:29,,2026
东京食尸鬼 第三季,,,日本,剧集,,资源,7.0,,,2026/03/24 13:09,,2026
东京食尸鬼 第四季,,,日本,剧集,,资源,8.0,,,2026/03/24 13:09,,2026
战争之王,,,美国,电影,,资源,8.0,,,2026/03/25 10:19,,2026
浴血黑帮 第一季,,,英国,剧集,,资源,8.0,,,2026/03/25 10:19,,2026
挽救计划,,,美国,电影,,资源,8.0,,,2026/03/27 13:02,,2026
辩护人,,,韩国,电影,,资源,8.0,,,2026/04/02 20:35,,2026
弱点,,,美国,电影,,资源,8.0,,,2026/04/06 09:40,,2026
咒术回战 第三季,,,日本,剧集,,资源,8.0,,,2026/04/06 22:17,,2026
呼啸山庄,,,"英国,美国",电影,,资源,6.0,,,2026/04/16 19:43,,2026
洛杉矶劫案,,,美国,电影,,资源,7.0,,,2026/04/16 20:01,,2026
真相捕捉 第三季,,,"英国,美国",剧集,,资源,8.0,,,2026/04/19 00:37,,2026
匹兹堡医护前线 第二季,,,美国,剧集,,资源,8.0,,,2026/04/19 00:37,,2026
再次出发之纽约遇见你,Begin Again,,"美国,英国",电影,,资源,8.0,,,2026/04/19 00:37,,2026
终极名单 第一季,,,美国,剧集,,资源,8.0,,,2026/04/29 10:05,,2026
终极名单：黑狼,,,美国,剧集,,资源,8.0,,,2026/05/01 11:27,,2026
夺命许愿,,,韩国,剧集,,资源,8.0,,,2026/05/03 00:14,,2026
钟表馆杀人事件,,,日本,剧集,,资源,8.0,,,2026/05/14 11:18,,2026
